{"baseagent0": {"baseagent1": 0.5, "lazyagent0": 5.147557589468029e-85}, "baseagent1": {"baseagent0": 0.5, "lazyagent0": 5.147557589468029e-85}, "lazyagent0": {"baseagent0": 0.5, "baseagent1": 0.5}}